{"skeleton":{"hash":"PzcAYx62AqM","spine":"4.0.64","x":-22,"y":-19.5,"width":44,"height":39},"bones":[{"name":"root"},{"name":"text","parent":"root"}],"slots":[{"name":"background","bone":"root","attachment":"purpleback"},{"name":"number_test","bone":"text","attachment":"number_test"}],"skins":[{"name":"default","attachments":{"background":{"purpleback":{"width":44,"height":39}},"number_test":{"number_test":{"width":21,"height":14}}}}],"animations":{"down_slideleft":{"slots":{"background":{"attachment":[{"name":null}]}},"bones":{"text":{"translate":[{"y":-53.45},{"time":1.5,"x":-8.71,"y":-53},{"time":1.6667,"x":-31.37,"y":-53}]}}},"down_slideleft2":{"slots":{"background":{"attachment":[{"name":null}]}},"bones":{"text":{"translate":[{"y":-53.45,"curve":"stepped"},{"time":1.7667,"y":-53.45},{"time":2.1667,"x":-1.74,"y":-53},{"time":2.3333,"x":-31.37,"y":-53}]}}},"popin":{"bones":{"text":{"translate":[{},{"time":0.0333,"y":19.03},{"time":0.1333,"y":-14.66,"curve":"stepped"},{"time":0.2,"y":-14.66},{"time":0.2667,"y":6.55},{"time":0.3333,"curve":"stepped"},{"time":0.6667}]}}},"popinfast":{"bones":{"text":{"translate":[{"y":-26.52},{"time":0.1333,"curve":"stepped"},{"time":0.6667}]}}}}}